-- phpMyAdmin SQL Dump
-- version 4.9.7
-- https://www.phpmyadmin.net/
--
-- Host: localhost:3306
-- Generation Time: Jan 31, 2022 at 12:09 AM
-- Server version: 5.6.41-84.1
-- PHP Version: 7.3.32

SET SQL_MODE = "NO_AUTO_VALUE_ON_ZERO";
SET AUTOCOMMIT = 0;
START TRANSACTION;
SET time_zone = "+00:00";

--
-- Database: `mezagebt_gizetest`
--


-- phpMyAdmin SQL Dump
-- version 5.0.4
-- https://www.phpmyadmin.net/
--
-- Host: 127.0.0.1
-- Generation Time: Jan 31, 2022 at 08:25 AM
-- Server version: 10.4.16-MariaDB
-- PHP Version: 7.4.12

SET SQL_MODE = "NO_AUTO_VALUE_ON_ZERO";
START TRANSACTION;
SET time_zone = "+00:00";


/*!40101 SET @OLD_CHARACTER_SET_CLIENT=@@CHARACTER_SET_CLIENT */;
/*!40101 SET @OLD_CHARACTER_SET_RESULTS=@@CHARACTER_SET_RESULTS */;
/*!40101 SET @OLD_COLLATION_CONNECTION=@@COLLATION_CONNECTION */;
/*!40101 SET NAMES utf8mb4 */;

--
-- Database: `gize_video`
--

-- --------------------------------------------------------

-- phpMyAdmin SQL Dump
-- version 4.9.7
-- https://www.phpmyadmin.net/
--
-- Host: localhost:3306
-- Generation Time: Jan 31, 2022 at 12:30 AM
-- Server version: 5.6.41-84.1
-- PHP Version: 7.3.32

SET SQL_MODE = "NO_AUTO_VALUE_ON_ZERO";
SET AUTOCOMMIT = 0;
START TRANSACTION;
SET time_zone = "+00:00";

-- phpMyAdmin SQL Dump
-- version 4.9.7
-- https://www.phpmyadmin.net/
--
-- Host: localhost:3306
-- Generation Time: Jan 31, 2022 at 12:58 PM
-- Server version: 5.6.41-84.1
-- PHP Version: 7.3.32

SET SQL_MODE = "NO_AUTO_VALUE_ON_ZERO";
SET AUTOCOMMIT = 0;
START TRANSACTION;
SET time_zone = "+00:00";

--
-- Database: `mezagebt_gizetest`
--

--
-- Dumping data for table `subscription_types`
--

INSERT INTO `subscription_types` (`id`, `name`, `description`, `created_at`, `updated_at`) VALUES
(1, 'Weekly', '', NULL, NULL),
(2, 'Monthly', '', NULL, NULL),
(3, 'Awudly', '', NULL, NULL),
(4, 'Yearly', '', NULL, NULL);
COMMIT;



--
-- Dumping data for table `batches`
--

INSERT INTO `batches` (`id`, `code_name`, `description`, `starts_on_date`, `payment_fee`, `currency`, `status`, `created_at`, `updated_at`, `deleted_at`, `gize_channel_id`, `subscription_type_id`) VALUES
(1, '1 - Hamle 2013 batch', NULL, '2021-07-28 17:02:00', 800.00, 'ETB', 1, '2021-09-29 23:03:04', '2021-10-14 00:08:37', NULL, 1, 2),
(2, '2 - Meskerem 2014 batch', NULL, '2021-09-16 18:00:00', 800.00, 'ETB', 1, '2021-09-29 23:04:57', '2021-10-03 00:00:54', NULL, 1, 2),
(3, '[Personal] Tihtena Sinafekew', 'Makeup class for tehetena', '2021-09-29 22:56:00', 50.00, 'USD', 1, '2021-09-30 04:59:03', '2021-10-03 00:00:46', NULL, 1, 2),
(4, '[Personal] Eniyew Antaro Gimore', 'About to coupup with Meskerem Batch\r\nFrom /Germany/', '2021-10-07 18:00:00', 50.00, 'USD', 3, '2021-10-07 18:24:47', '2021-10-17 08:32:29', NULL, 1, 2),
(5, 'Hamle 2013 /usd/ batch', 'For Selamawit Legesse and Kefyalew. To manage USD payments', '2021-07-08 13:19:00', 50.00, 'USD', 3, '2021-10-07 19:20:22', '2021-11-02 08:36:24', '2021-11-02 08:36:24', 1, 2),
(6, 'For Testing Videos', NULL, '2021-10-13 17:45:00', 0.00, 'ETB', 1, '2021-10-13 23:46:14', '2021-10-13 23:46:14', NULL, 1, 1),
(7, 'seyfemichael 1day', NULL, '2021-10-14 22:01:00', 0.00, 'ETB', 1, '2021-10-15 04:01:39', '2021-10-16 01:00:00', '2021-10-16 01:00:00', 1, 1),
(8, '[Makeup - Temporary] Mahlet', NULL, '2021-10-23 19:13:00', 0.00, 'ETB', 1, '2021-10-24 01:13:50', '2021-11-02 08:35:49', '2021-11-02 08:35:49', 1, 2),
(9, 'ሐምሌ ባች /From Zoom/', 'ከዙም መደበኛ ተከታታይነት ወደ ጊዜ መተግበሪያ ከጥቅምት 25 ጀምሮ የተሸጋገሩ', '2021-11-03 18:00:00', 600.00, 'ETB', 1, '2021-11-03 20:46:56', '2021-11-03 20:46:56', NULL, 1, 2),
(10, '[Makeup - Temporary] Tilahun Ashenafi', 'ከሐምሌ ባች ጋር የነበረ ለረጅም ሳምንታት ያቋረጠ። አሁን ከመስከረም ባች ጋር እኩል ለማድረግ ሲባል በ4 ቪድዮዎች ወደኋላ ስለዘገየ ለሱ ሲባል የተከፈተ ባች', '2021-11-10 18:00:00', 800.00, 'ETB', 1, '2021-11-10 21:10:14', '2021-12-18 21:55:23', NULL, 1, 2),
(11, '3 - Hidar 2014 Batch', NULL, '2021-11-10 18:00:00', 800.00, 'ETB', 1, '2021-11-10 23:54:33', '2021-11-10 23:54:48', NULL, 1, 2),
(12, '[Makeup - Temporary] Selamawit Shimelash', 'ከሐምሌ ባች ጋር የነበረ ለረጅም ሳምንታት ያቋረጠች። አሁን ከመስከረም ባች ጋር እኩል ለማድረግ ሲባል በ5 ቪድዮዎች ወደኋላ ስለዘገየች ለሱ ሲባል የተከፈተ ባች', '2021-11-10 18:00:00', 800.00, 'ETB', 3, '2021-11-11 00:32:02', '2021-11-28 00:33:16', NULL, 1, 2),
(13, '4 - Tahsas 2014 Batch', NULL, '2021-12-09 04:00:00', 600.00, 'ETB', 1, '2021-12-09 11:00:36', '2021-12-09 11:39:37', NULL, 1, 2);
COMMIT;


--
-- Dumping data for table `batch_user`
--

INSERT INTO `batch_user` (`id`, `batch_id`, `user_id`, `approved`, `active`, `created_at`, `updated_at`) VALUES
(1, 1, 102, 1, 1, '2021-09-29 23:08:05', '2022-01-06 01:01:24'),
(4, 1, 49, 1, 1, '2021-09-29 23:08:43', '2021-12-09 01:03:40'),
(5, 1, 48, 1, 1, '2021-09-29 23:09:26', '2021-12-09 01:36:46'),
(6, 1, 90, 1, 0, '2021-09-29 23:09:38', '2021-10-13 23:43:28'),
(7, 1, 35, 1, 1, '2021-09-29 23:09:52', '2021-12-09 16:44:17'),
(8, 1, 47, 1, 1, '2021-09-29 23:10:03', '2021-12-09 01:35:46'),
(9, 1, 15, 1, 1, '2021-09-29 23:10:19', '2022-01-06 18:21:35'),
(10, 1, 37, 1, 1, '2021-09-29 23:10:31', '2022-01-12 23:56:38'),
(13, 1, 95, 1, 1, '2021-09-29 23:11:28', '2021-12-09 17:14:13'),
(14, 1, 83, 1, 0, '2021-09-29 23:11:50', '2021-10-13 23:42:24'),
(15, 1, 96, 1, 1, '2021-09-29 23:12:04', '2021-12-09 01:35:08'),
(16, 1, 28, 1, 1, '2021-09-29 23:12:21', '2021-12-09 01:36:06'),
(17, 1, 50, 1, 0, '2021-09-29 23:12:44', '2022-01-06 01:00:11'),
(18, 1, 25, 1, 1, '2021-09-29 23:13:16', '2021-12-09 01:35:33'),
(19, 1, 51, 1, 1, '2021-09-29 23:13:33', '2021-12-16 01:07:29'),
(20, 1, 18, 1, 0, '2021-09-29 23:14:10', '2021-12-09 01:03:15'),
(21, 1, 45, 1, 0, '2021-09-29 23:14:26', '2021-10-13 23:41:13'),
(23, 1, 2, 1, 1, '2021-09-29 23:16:44', '2021-12-30 01:02:42'),
(24, 1, 12, 1, 1, '2021-09-29 23:16:51', '2021-09-29 23:53:08'),
(25, 1, 13, 1, 1, '2021-09-29 23:16:59', '2021-09-29 23:53:09'),
(26, 1, 42, 1, 1, '2021-09-29 23:17:11', '2021-09-29 23:53:11'),
(27, 1, 30, 1, 1, '2021-09-29 23:18:17', '2021-09-29 23:53:12'),
(28, 1, 120, 1, 1, '2021-09-29 23:18:26', '2021-09-29 23:53:15'),
(29, 1, 21, 1, 1, '2021-09-29 23:20:38', '2021-09-29 23:53:26'),
(30, 1, 154, 1, 1, '2021-09-30 01:45:04', '2021-12-09 01:36:31'),
(31, 3, 104, 1, 1, '2021-09-30 04:59:48', '2022-01-13 01:28:10'),
(32, 2, 135, 1, 0, '2021-10-01 00:11:33', '2021-12-09 01:23:59'),
(33, 2, 138, 1, 1, '2021-10-01 00:11:47', '2022-01-06 00:56:38'),
(34, 2, 140, 1, 0, '2021-10-01 00:11:58', '2021-12-09 01:23:53'),
(35, 2, 146, 1, 0, '2021-10-01 00:12:24', '2022-01-06 00:54:21'),
(36, 2, 112, 1, 0, '2021-10-01 00:17:39', '2021-10-21 23:39:01'),
(37, 2, 126, 1, 0, '2021-10-01 00:17:51', '2021-10-21 23:39:08'),
(38, 2, 131, 1, 0, '2021-10-01 00:18:27', '2021-10-07 20:23:07'),
(39, 2, 107, 1, 1, '2021-10-01 00:18:40', '2022-01-06 00:56:25'),
(40, 2, 134, 1, 1, '2021-10-01 00:20:43', '2022-01-06 01:54:33'),
(41, 2, 2, 1, 0, '2021-10-01 00:21:09', '2021-10-27 23:34:32'),
(42, 3, 2, 1, 0, '2021-10-01 00:52:02', '2021-10-03 00:28:30'),
(44, 2, 159, 1, 0, '2021-10-03 09:05:18', '2021-10-21 23:39:17'),
(45, 4, 162, 1, 0, '2021-10-07 18:56:48', '2021-10-16 20:51:10'),
(46, 5, 94, 1, 0, '2021-10-07 19:20:51', '2021-10-16 20:53:38'),
(47, 5, 93, 1, 0, '2021-10-07 19:21:15', '2021-10-16 20:53:35'),
(48, 5, 105, 1, 0, '2021-10-07 20:08:22', '2021-10-16 20:53:30'),
(49, 4, 2, 1, 0, '2021-10-10 00:08:12', '2021-10-13 09:15:44'),
(50, 6, 2, 1, 0, '2021-10-13 23:46:41', '2022-01-27 16:35:30'),
(51, 7, 102, 1, 0, '2021-10-15 04:02:07', '2021-10-16 00:58:43'),
(52, 2, 171, 1, 1, '2021-10-16 00:56:21', '2022-01-06 00:55:30'),
(53, 2, 139, 1, 1, '2021-10-16 20:45:06', '2022-01-06 00:54:41'),
(54, 2, 162, 1, 0, '2021-10-16 20:51:42', '2022-01-06 00:53:51'),
(55, 1, 105, 1, 0, '2021-10-16 20:55:09', '2022-01-10 20:15:13'),
(56, 1, 94, 1, 1, '2021-10-16 20:55:29', '2021-12-09 01:37:27'),
(57, 1, 93, 1, 0, '2021-10-16 20:55:43', '2022-01-10 20:14:30'),
(58, 1, 55, 1, 1, '2021-10-17 00:03:24', '2022-01-12 23:56:46'),
(59, 8, 49, 1, 0, '2021-10-24 01:14:38', '2021-10-27 23:32:17'),
(60, 9, 179, 1, 1, '2021-11-03 20:47:40', '2021-12-12 01:19:59'),
(62, 9, 178, 1, 0, '2021-11-03 20:54:40', '2022-01-06 00:59:06'),
(63, 9, 180, 1, 1, '2021-11-03 22:00:11', '2022-01-06 18:30:40'),
(65, 9, 40, 1, 0, '2021-11-04 01:01:42', '2022-01-06 00:58:52'),
(66, 9, 66, 1, 0, '2021-11-04 01:02:33', '2022-01-06 00:58:51'),
(67, 9, 70, 1, 0, '2021-11-04 01:02:46', '2021-12-09 01:33:50'),
(68, 9, 54, 1, 0, '2021-11-04 01:06:12', '2022-01-06 00:58:47'),
(69, 9, 44, 1, 0, '2021-11-04 01:07:31', '2021-11-04 01:08:36'),
(70, 9, 33, 1, 1, '2021-11-04 01:08:54', '2021-12-13 01:12:49'),
(71, 9, 53, 1, 0, '2021-11-04 01:10:19', '2022-01-06 00:58:31'),
(74, 9, 183, 1, 1, '2021-11-04 01:19:34', '2021-12-15 21:28:42'),
(75, 9, 68, 1, 1, '2021-11-04 01:37:20', '2021-12-15 21:28:32'),
(76, 9, 62, 1, 0, '2021-11-04 01:41:54', '2022-01-06 00:58:09'),
(77, 9, 181, 1, 1, '2021-11-04 01:49:23', '2021-12-15 21:25:46'),
(78, 9, 2, 1, 0, '2021-11-04 02:29:55', '2021-11-10 23:47:42'),
(79, 9, 184, 1, 0, '2021-11-05 17:58:30', '2021-11-16 00:01:17'),
(80, 9, 182, 1, 1, '2021-11-05 19:20:31', '2021-12-15 21:28:14'),
(81, 9, 187, 1, 1, '2021-11-06 19:57:22', '2021-12-15 21:28:07'),
(82, 9, 190, 1, 1, '2021-11-07 01:48:12', '2021-12-15 21:28:01'),
(83, 10, 88, 1, 0, '2021-11-10 21:16:03', '2021-11-19 22:51:20'),
(84, 1, 54, 1, 1, '2021-11-10 23:40:33', '2022-01-06 22:27:30'),
(85, 9, 50, 1, 1, '2021-11-10 23:43:35', '2022-01-06 00:57:35'),
(86, 9, 43, 1, 0, '2021-11-10 23:45:48', '2022-01-06 00:57:33'),
(87, 11, 176, 1, 1, '2021-11-10 23:56:57', '2022-01-13 16:39:39'),
(88, 12, 91, 1, 1, '2021-11-11 00:33:46', '2021-11-11 00:33:59'),
(89, 9, 41, 1, 0, '2021-11-13 21:51:00', '2021-12-09 01:30:26'),
(90, 2, 88, 1, 0, '2021-11-19 22:51:47', '2021-11-19 22:52:32'),
(91, 13, 197, 1, 1, '2021-12-09 11:03:02', '2021-12-09 11:03:15'),
(92, 13, 2, 1, 0, '2021-12-09 11:39:56', '2021-12-17 02:43:35');

--
-- Dumping data for table `subscription_periods`
--

INSERT INTO `subscription_periods` (`id`, `period_no`, `name`, `from_date`, `to_date`, `created_at`, `updated_at`, `batch_id`) VALUES
(1, 1, 'Hamle 2013', '2021-07-08', '2021-08-06', '2021-09-29 23:23:26', '2021-09-29 23:23:26', 1),
(2, 2, 'Nehasse 2013', '2021-09-08', '2021-09-28', '2021-09-29 23:25:37', '2021-10-07 19:13:11', 1),
(3, 3, 'Meskerem 2014', '2021-09-29', '2021-11-16', '2021-09-29 23:26:54', '2021-10-07 19:14:22', 1),
(4, 1, 'Meskerem 2014', '2021-09-16', '2021-10-10', '2021-10-01 00:41:44', '2021-10-13 09:13:10', 2),
(5, 1, '1st Period (4Vids)', '2021-10-07', '2021-10-13', '2021-10-07 18:57:36', '2021-10-07 18:57:36', 4),
(6, 2, '2nd Period (4vids)', '2021-10-14', '2021-10-20', '2021-10-07 18:58:13', '2021-10-07 18:58:13', 4),
(7, 3, '3rd Period (4vids)', '2021-10-27', '2021-11-17', '2021-10-07 18:59:21', '2021-10-07 18:59:21', 4),
(8, 4, '4th Period (4vids)', '2021-11-17', '2021-12-01', '2021-10-07 19:01:38', '2021-10-07 19:01:38', 4),
(9, 5, '5th Period (4vids)', '2021-11-17', '2021-12-29', '2021-10-07 19:01:38', '2021-10-07 19:02:23', 4),
(10, 1, '1st Period (4vids)', '2021-09-03', '2021-09-29', '2021-10-07 19:05:26', '2021-10-07 19:05:26', 3),
(11, 2, '2nd Period (4vids)', '2021-10-09', '2021-10-27', '2021-10-07 19:06:23', '2021-10-07 19:06:23', 3),
(12, 1, 'Hamle 2013', '2021-07-08', '2021-08-06', '2021-10-07 19:22:03', '2021-10-07 19:22:03', 5),
(13, 2, 'Nehase 2013', '2021-09-08', '2021-09-28', '2021-10-07 19:22:46', '2021-10-07 19:22:46', 5),
(14, 3, 'Meskerem 2014', '2021-09-29', '2021-11-16', '2021-10-07 19:23:25', '2021-10-07 19:23:25', 5),
(15, 1, 'Hidar 21 - Tahsas 20', '2021-12-08', '2021-12-29', '2021-12-09 11:02:37', '2021-12-09 11:02:37', 13),
(16, 1, 'Hidar 21 - Tahsas 20', '2021-12-08', '2021-12-29', '2021-12-09 12:06:12', '2021-12-09 12:06:12', 9);

--
-- Dumping data for table `subscription_payments`
--

INSERT INTO `subscription_payments` (`id`, `amount`, `reciept_no`, `payment_date`, `method`, `created_at`, `updated_at`, `batch_user_id`, `subscription_period_id`) VALUES
(1, 50.00, NULL, '2021-10-06', 'Cash', '2021-10-07 18:59:44', '2021-10-07 18:59:44', 45, 5),
(2, 50.00, NULL, '2021-10-06', 'Cash', '2021-10-07 18:59:55', '2021-10-07 18:59:55', 45, 6),
(3, 50.00, NULL, '2021-10-06', 'Cash', '2021-10-07 19:00:06', '2021-10-07 19:00:06', 45, 7),
(4, 50.00, NULL, '2021-09-03', 'Cash', '2021-10-07 19:05:47', '2021-10-07 19:05:47', 31, 10),
(57, 800.00, NULL, '2021-10-07', 'Cash', '2021-10-07 20:05:38', '2021-10-07 20:05:38', 1, 1),
(58, 800.00, NULL, '2021-10-07', 'Cash', '2021-10-07 20:05:45', '2021-10-07 20:05:45', 1, 2),
(61, 800.00, NULL, '2021-10-07', 'Cash', '2021-10-07 20:06:38', '2021-10-07 20:06:38', 19, 3),
(78, 50.00, NULL, '2021-10-07', 'CBE', '2021-10-07 20:17:50', '2021-10-07 20:17:50', 46, 13),
(79, 50.00, NULL, '2021-10-07', 'CBE', '2021-10-07 20:18:02', '2021-10-07 20:18:02', 46, 14),
(80, 50.00, NULL, '2021-10-07', 'CBE', '2021-10-07 20:18:14', '2021-10-07 20:18:14', 48, 12),
(87, 600.00, NULL, '2021-10-07', 'CBE', '2021-10-07 20:23:58', '2021-12-25 10:14:15', 35, 4);


SET FOREIGN_KEY_CHECKS = 1;